{"cameraMode":{"drawMode":0,"name":"Shaded","section":"Shading Mode"},"sceneLighting":true,"audioPlay":false,"sceneViewState":{"showFog":true,"showMaterialUpdate":false,"showSkybox":true,"showFlares":true,"showImageEffects":true,"showParticleSystems":true},"in2DMode":false,"pivot":{"x":116.02375793457031,"y":-2.3106069564819338,"z":-2.7808189392089845},"rotation":{"x":0.1650155782699585,"y":0.8286640644073486,"z":-0.31789523363113406,"w":0.43014946579933169},"size":13.571659088134766,"orthographic":false}